City,Sessions_per_Day,Revenue_per_Session,Adjusted_Sessions,Annual_Revenue,Annual_Profit,Payback_Period_Years,Attractive_Investment
Ahmedabad,2,120,1.63,71422.25,-28577.75,,No
Alappuzha,2,120,0.2,8932.05,-91067.95,,No
Bengaluru,2,120,0.0,0.0,-100000.0,,No
Chennai,2,120,0.34,15004.43,-84995.57,,No
Dehradun,2,120,0.51,22248.32,-77751.68,,No
Delhi,2,120,0.02,692.12,-99307.88,,No
Dhanbad,2,120,1.36,59617.7,-40382.3,,No
Dwarka,2,120,0.0,0.0,-100000.0,,No
Gurgaon,2,120,1.54,67452.24,-32547.76,,No
Hardwar,2,120,0.0,0.0,-100000.0,,No
Kannur,2,120,0.0,0.0,-100000.0,,No
Kasaragod,2,120,0.0,0.0,-100000.0,,No
Kochi,2,120,0.53,23138.92,-76861.08,,No
Kolkata,2,120,0.63,27612.07,-72387.93,,No
Kollam,2,120,0.41,17900.25,-82099.75,,No
Kottayam,2,120,0.1,4433.05,-95566.95,,No
Kozhikode,2,120,0.51,22160.21,-77839.79,,No
Malappuram,2,120,0.0,0.0,-100000.0,,No
Mapusa,2,120,0.0,0.0,-100000.0,,No
Nagpur,2,120,0.09,3776.79,-96223.21,,No
Palakkad,2,120,0.0,0.0,-100000.0,,No
Panaji,2,120,0.0,0.0,-100000.0,,No
Raipur,2,120,0.44,19425.97,-80574.03,,No
Thiruvananthapuram,2,120,0.33,14471.87,-85528.13,,No
Thrissur,2,120,0.37,16185.43,-83814.57,,No
Ahmedabad,2,150,1.63,89277.81,-10722.19,,No
Alappuzha,2,150,0.2,11165.06,-88834.94,,No
Bengaluru,2,150,0.0,0.0,-100000.0,,No
Chennai,2,150,0.34,18755.54,-81244.46,,No
Dehradun,2,150,0.51,27810.4,-72189.6,,No
Delhi,2,150,0.02,865.15,-99134.85,,No
Dhanbad,2,150,1.36,74522.13,-25477.87,,No
Dwarka,2,150,0.0,0.0,-100000.0,,No
Gurgaon,2,150,1.54,84315.31,-15684.69,,No
Hardwar,2,150,0.0,0.0,-100000.0,,No
Kannur,2,150,0.0,0.0,-100000.0,,No
Kasaragod,2,150,0.0,0.0,-100000.0,,No
Kochi,2,150,0.53,28923.65,-71076.35,,No
Kolkata,2,150,0.63,34515.09,-65484.91,,No
Kollam,2,150,0.41,22375.32,-77624.68,,No
Kottayam,2,150,0.1,5541.31,-94458.69,,No
Kozhikode,2,150,0.51,27700.27,-72299.73,,No
Malappuram,2,150,0.0,0.0,-100000.0,,No
Mapusa,2,150,0.0,0.0,-100000.0,,No
Nagpur,2,150,0.09,4720.99,-95279.01,,No
Palakkad,2,150,0.0,0.0,-100000.0,,No
Panaji,2,150,0.0,0.0,-100000.0,,No
Raipur,2,150,0.44,24282.47,-75717.53,,No
Thiruvananthapuram,2,150,0.33,18089.84,-81910.16,,No
Thrissur,2,150,0.37,20231.79,-79768.21,,No
Ahmedabad,2,180,1.63,107133.38,7133.38,14.02,No
Alappuzha,2,180,0.2,13398.07,-86601.93,,No
Bengaluru,2,180,0.0,0.0,-100000.0,,No
Chennai,2,180,0.34,22506.64,-77493.36,,No
Dehradun,2,180,0.51,33372.48,-66627.52,,No
Delhi,2,180,0.02,1038.18,-98961.82,,No
Dhanbad,2,180,1.36,89426.55,-10573.45,,No
Dwarka,2,180,0.0,0.0,-100000.0,,No
Gurgaon,2,180,1.54,101178.37,1178.37,84.86,No
Hardwar,2,180,0.0,0.0,-100000.0,,No
Kannur,2,180,0.0,0.0,-100000.0,,No
Kasaragod,2,180,0.0,0.0,-100000.0,,No
Kochi,2,180,0.53,34708.38,-65291.62,,No
Kolkata,2,180,0.63,41418.1,-58581.9,,No
Kollam,2,180,0.41,26850.38,-73149.62,,No
Kottayam,2,180,0.1,6649.57,-93350.43,,No
Kozhikode,2,180,0.51,33240.32,-66759.68,,No
Malappuram,2,180,0.0,0.0,-100000.0,,No
Mapusa,2,180,0.0,0.0,-100000.0,,No
Nagpur,2,180,0.09,5665.19,-94334.81,,No
Palakkad,2,180,0.0,0.0,-100000.0,,No
Panaji,2,180,0.0,0.0,-100000.0,,No
Raipur,2,180,0.44,29138.96,-70861.04,,No
Thiruvananthapuram,2,180,0.33,21707.81,-78292.19,,No
Thrissur,2,180,0.37,24278.14,-75721.86,,No
Ahmedabad,2,200,1.63,119037.08,19037.08,5.25,No
Alappuzha,2,200,0.2,14886.75,-85113.25,,No
Bengaluru,2,200,0.0,0.0,-100000.0,,No
Chennai,2,200,0.34,25007.38,-74992.62,,No
Dehradun,2,200,0.51,37080.54,-62919.46,,No
Delhi,2,200,0.02,1153.53,-98846.47,,No
Dhanbad,2,200,1.36,99362.83,-637.17,,No
Dwarka,2,200,0.0,0.0,-100000.0,,No
Gurgaon,2,200,1.54,112420.41,12420.41,8.05,No
Hardwar,2,200,0.0,0.0,-100000.0,,No
Kannur,2,200,0.0,0.0,-100000.0,,No
Kasaragod,2,200,0.0,0.0,-100000.0,,No
Kochi,2,200,0.53,38564.86,-61435.14,,No
Kolkata,2,200,0.63,46020.12,-53979.88,,No
Kollam,2,200,0.41,29833.76,-70166.24,,No
Kottayam,2,200,0.1,7388.41,-92611.59,,No
Kozhikode,2,200,0.51,36933.69,-63066.31,,No
Malappuram,2,200,0.0,0.0,-100000.0,,No
Mapusa,2,200,0.0,0.0,-100000.0,,No
Nagpur,2,200,0.09,6294.65,-93705.35,,No
Palakkad,2,200,0.0,0.0,-100000.0,,No
Panaji,2,200,0.0,0.0,-100000.0,,No
Raipur,2,200,0.44,32376.62,-67623.38,,No
Thiruvananthapuram,2,200,0.33,24119.79,-75880.21,,No
Thrissur,2,200,0.37,26975.71,-73024.29,,No
Ahmedabad,3,120,2.45,107133.38,7133.38,14.02,No
Alappuzha,3,120,0.31,13398.07,-86601.93,,No
Bengaluru,3,120,0.0,0.0,-100000.0,,No
Chennai,3,120,0.51,22506.64,-77493.36,,No
Dehradun,3,120,0.76,33372.48,-66627.52,,No
Delhi,3,120,0.02,1038.18,-98961.82,,No
Dhanbad,3,120,2.04,89426.55,-10573.45,,No
Dwarka,3,120,0.0,0.0,-100000.0,,No
Gurgaon,3,120,2.31,101178.37,1178.37,84.86,No
Hardwar,3,120,0.0,0.0,-100000.0,,No
Kannur,3,120,0.0,0.0,-100000.0,,No
Kasaragod,3,120,0.0,0.0,-100000.0,,No
Kochi,3,120,0.79,34708.38,-65291.62,,No
Kolkata,3,120,0.95,41418.1,-58581.9,,No
Kollam,3,120,0.61,26850.38,-73149.62,,No
Kottayam,3,120,0.15,6649.57,-93350.43,,No
Kozhikode,3,120,0.76,33240.32,-66759.68,,No
Malappuram,3,120,0.0,0.0,-100000.0,,No
Mapusa,3,120,0.0,0.0,-100000.0,,No
Nagpur,3,120,0.13,5665.19,-94334.81,,No
Palakkad,3,120,0.0,0.0,-100000.0,,No
Panaji,3,120,0.0,0.0,-100000.0,,No
Raipur,3,120,0.67,29138.96,-70861.04,,No
Thiruvananthapuram,3,120,0.5,21707.81,-78292.19,,No
Thrissur,3,120,0.55,24278.14,-75721.86,,No
Ahmedabad,3,150,2.45,133916.72,33916.72,2.95,No
Alappuzha,3,150,0.31,16747.59,-83252.41,,No
Bengaluru,3,150,0.0,0.0,-100000.0,,No
Chennai,3,150,0.51,28133.3,-71866.7,,No
Dehradun,3,150,0.76,41715.61,-58284.39,,No
Delhi,3,150,0.02,1297.73,-98702.27,,No
Dhanbad,3,150,2.04,111783.19,11783.19,8.49,No
Dwarka,3,150,0.0,0.0,-100000.0,,No
Gurgaon,3,150,2.31,126472.96,26472.96,3.78,Yes
Hardwar,3,150,0.0,0.0,-100000.0,,No
Kannur,3,150,0.0,0.0,-100000.0,,No
Kasaragod,3,150,0.0,0.0,-100000.0,,No
Kochi,3,150,0.79,43385.47,-56614.53,,No
Kolkata,3,150,0.95,51772.63,-48227.37,,No
Kollam,3,150,0.61,33562.98,-66437.02,,No
Kottayam,3,150,0.15,8311.97,-91688.03,,No
Kozhikode,3,150,0.76,41550.4,-58449.6,,No
Malappuram,3,150,0.0,0.0,-100000.0,,No
Mapusa,3,150,0.0,0.0,-100000.0,,No
Nagpur,3,150,0.13,7081.48,-92918.52,,No
Palakkad,3,150,0.0,0.0,-100000.0,,No
Panaji,3,150,0.0,0.0,-100000.0,,No
Raipur,3,150,0.67,36423.7,-63576.3,,No
Thiruvananthapuram,3,150,0.5,27134.76,-72865.24,,No
Thrissur,3,150,0.55,30347.68,-69652.32,,No
Ahmedabad,3,180,2.45,160700.06,60700.06,1.65,No
Alappuzha,3,180,0.31,20097.11,-79902.89,,No
Bengaluru,3,180,0.0,0.0,-100000.0,,No
Chennai,3,180,0.51,33759.96,-66240.04,,No
Dehradun,3,180,0.76,50058.73,-49941.27,,No
Delhi,3,180,0.02,1557.27,-98442.73,,No
Dhanbad,3,180,2.04,134139.83,34139.83,2.93,No
Dwarka,3,180,0.0,0.0,-100000.0,,No
Gurgaon,3,180,2.31,151767.55,51767.55,1.93,No
Hardwar,3,180,0.0,0.0,-100000.0,,No
Kannur,3,180,0.0,0.0,-100000.0,,No
Kasaragod,3,180,0.0,0.0,-100000.0,,No
Kochi,3,180,0.79,52062.56,-47937.44,,No
Kolkata,3,180,0.95,62127.16,-37872.84,,No
Kollam,3,180,0.61,40275.57,-59724.43,,No
Kottayam,3,180,0.15,9974.36,-90025.64,,No
Kozhikode,3,180,0.76,49860.48,-50139.52,,No
Malappuram,3,180,0.0,0.0,-100000.0,,No
Mapusa,3,180,0.0,0.0,-100000.0,,No
Nagpur,3,180,0.13,8497.78,-91502.22,,No
Palakkad,3,180,0.0,0.0,-100000.0,,No
Panaji,3,180,0.0,0.0,-100000.0,,No
Raipur,3,180,0.67,43708.44,-56291.56,,No
Thiruvananthapuram,3,180,0.5,32561.71,-67438.29,,No
Thrissur,3,180,0.55,36417.21,-63582.79,,No
Ahmedabad,3,200,2.45,178555.63,78555.63,1.27,No
Alappuzha,3,200,0.31,22330.12,-77669.88,,No
Bengaluru,3,200,0.0,0.0,-100000.0,,No
Chennai,3,200,0.51,37511.07,-62488.93,,No
Dehradun,3,200,0.76,55620.81,-44379.19,,No
Delhi,3,200,0.02,1730.3,-98269.7,,No
Dhanbad,3,200,2.04,149044.25,49044.25,2.04,No
Dwarka,3,200,0.0,0.0,-100000.0,,No
Gurgaon,3,200,2.31,168630.61,68630.61,1.46,No
Hardwar,3,200,0.0,0.0,-100000.0,,No
Kannur,3,200,0.0,0.0,-100000.0,,No
Kasaragod,3,200,0.0,0.0,-100000.0,,No
Kochi,3,200,0.79,57847.29,-42152.71,,No
Kolkata,3,200,0.95,69030.17,-30969.83,,No
Kollam,3,200,0.61,44750.64,-55249.36,,No
Kottayam,3,200,0.15,11082.62,-88917.38,,No
Kozhikode,3,200,0.76,55400.54,-44599.46,,No
Malappuram,3,200,0.0,0.0,-100000.0,,No
Mapusa,3,200,0.0,0.0,-100000.0,,No
Nagpur,3,200,0.13,9441.98,-90558.02,,No
Palakkad,3,200,0.0,0.0,-100000.0,,No
Panaji,3,200,0.0,0.0,-100000.0,,No
Raipur,3,200,0.67,48564.93,-51435.07,,No
Thiruvananthapuram,3,200,0.5,36179.68,-63820.32,,No
Thrissur,3,200,0.55,40463.57,-59536.43,,No
Ahmedabad,4,120,3.26,142844.5,42844.5,2.33,No
Alappuzha,4,120,0.41,17864.1,-82135.9,,No
Bengaluru,4,120,0.0,0.0,-100000.0,,No
Chennai,4,120,0.69,30008.86,-69991.14,,No
Dehradun,4,120,1.02,44496.65,-55503.35,,No
Delhi,4,120,0.03,1384.24,-98615.76,,No
Dhanbad,4,120,2.72,119235.4,19235.4,5.2,No
Dwarka,4,120,0.0,0.0,-100000.0,,No
Gurgaon,4,120,3.08,134904.49,34904.49,2.86,No
Hardwar,4,120,0.0,0.0,-100000.0,,No
Kannur,4,120,0.0,0.0,-100000.0,,No
Kasaragod,4,120,0.0,0.0,-100000.0,,No
Kochi,4,120,1.06,46277.84,-53722.16,,No
Kolkata,4,120,1.26,55224.14,-44775.86,,No
Kollam,4,120,0.82,35800.51,-64199.49,,No
Kottayam,4,120,0.2,8866.1,-91133.9,,No
Kozhikode,4,120,1.01,44320.43,-55679.57,,No
Malappuram,4,120,0.0,0.0,-100000.0,,No
Mapusa,4,120,0.0,0.0,-100000.0,,No
Nagpur,4,120,0.17,7553.58,-92446.42,,No
Palakkad,4,120,0.0,0.0,-100000.0,,No
Panaji,4,120,0.0,0.0,-100000.0,,No
Raipur,4,120,0.89,38851.94,-61148.06,,No
Thiruvananthapuram,4,120,0.66,28943.74,-71056.26,,No
Thrissur,4,120,0.74,32370.86,-67629.14,,No
Ahmedabad,4,150,3.26,178555.63,78555.63,1.27,No
Alappuzha,4,150,0.41,22330.12,-77669.88,,No
Bengaluru,4,150,0.0,0.0,-100000.0,,No
Chennai,4,150,0.69,37511.07,-62488.93,,No
Dehradun,4,150,1.02,55620.81,-44379.19,,No
Delhi,4,150,0.03,1730.3,-98269.7,,No
Dhanbad,4,150,2.72,149044.25,49044.25,2.04,No
Dwarka,4,150,0.0,0.0,-100000.0,,No
Gurgaon,4,150,3.08,168630.61,68630.61,1.46,No
Hardwar,4,150,0.0,0.0,-100000.0,,No
Kannur,4,150,0.0,0.0,-100000.0,,No
Kasaragod,4,150,0.0,0.0,-100000.0,,No
Kochi,4,150,1.06,57847.29,-42152.71,,No
Kolkata,4,150,1.26,69030.17,-30969.83,,No
Kollam,4,150,0.82,44750.64,-55249.36,,No
Kottayam,4,150,0.2,11082.62,-88917.38,,No
Kozhikode,4,150,1.01,55400.54,-44599.46,,No
Malappuram,4,150,0.0,0.0,-100000.0,,No
Mapusa,4,150,0.0,0.0,-100000.0,,No
Nagpur,4,150,0.17,9441.98,-90558.02,,No
Palakkad,4,150,0.0,0.0,-100000.0,,No
Panaji,4,150,0.0,0.0,-100000.0,,No
Raipur,4,150,0.89,48564.93,-51435.07,,No
Thiruvananthapuram,4,150,0.66,36179.68,-63820.32,,No
Thrissur,4,150,0.74,40463.57,-59536.43,,No
Ahmedabad,4,180,3.26,214266.75,114266.75,0.88,No
Alappuzha,4,180,0.41,26796.15,-73203.85,,No
Bengaluru,4,180,0.0,0.0,-100000.0,,No
Chennai,4,180,0.69,45013.28,-54986.72,,No
Dehradun,4,180,1.02,66744.97,-33255.03,,No
Delhi,4,180,0.03,2076.36,-97923.64,,No
Dhanbad,4,180,2.72,178853.1,78853.1,1.27,No
Dwarka,4,180,0.0,0.0,-100000.0,,No
Gurgaon,4,180,3.08,202356.73,102356.73,0.98,No
Hardwar,4,180,0.0,0.0,-100000.0,,No
Kannur,4,180,0.0,0.0,-100000.0,,No
Kasaragod,4,180,0.0,0.0,-100000.0,,No
Kochi,4,180,1.06,69416.75,-30583.25,,No
Kolkata,4,180,1.26,82836.21,-17163.79,,No
Kollam,4,180,0.82,53700.76,-46299.24,,No
Kottayam,4,180,0.2,13299.14,-86700.86,,No
Kozhikode,4,180,1.01,66480.64,-33519.36,,No
Malappuram,4,180,0.0,0.0,-100000.0,,No
Mapusa,4,180,0.0,0.0,-100000.0,,No
Nagpur,4,180,0.17,11330.38,-88669.62,,No
Palakkad,4,180,0.0,0.0,-100000.0,,No
Panaji,4,180,0.0,0.0,-100000.0,,No
Raipur,4,180,0.89,58277.92,-41722.08,,No
Thiruvananthapuram,4,180,0.66,43415.62,-56584.38,,No
Thrissur,4,180,0.74,48556.29,-51443.71,,No
Ahmedabad,4,200,3.26,238074.17,138074.17,0.72,No
Alappuzha,4,200,0.41,29773.5,-70226.5,,No
Bengaluru,4,200,0.0,0.0,-100000.0,,No
Chennai,4,200,0.69,50014.76,-49985.24,,No
Dehradun,4,200,1.02,74161.08,-25838.92,,No
Delhi,4,200,0.03,2307.07,-97692.93,,No
Dhanbad,4,200,2.72,198725.67,98725.67,1.01,No
Dwarka,4,200,0.0,0.0,-100000.0,,No
Gurgaon,4,200,3.08,224840.82,124840.82,0.8,No
Hardwar,4,200,0.0,0.0,-100000.0,,No
Kannur,4,200,0.0,0.0,-100000.0,,No
Kasaragod,4,200,0.0,0.0,-100000.0,,No
Kochi,4,200,1.06,77129.73,-22870.27,,No
Kolkata,4,200,1.26,92040.23,-7959.77,,No
Kollam,4,200,0.82,59667.52,-40332.48,,No
Kottayam,4,200,0.2,14776.83,-85223.17,,No
Kozhikode,4,200,1.01,73867.38,-26132.62,,No
Malappuram,4,200,0.0,0.0,-100000.0,,No
Mapusa,4,200,0.0,0.0,-100000.0,,No
Nagpur,4,200,0.17,12589.31,-87410.69,,No
Palakkad,4,200,0.0,0.0,-100000.0,,No
Panaji,4,200,0.0,0.0,-100000.0,,No
Raipur,4,200,0.89,64753.24,-35246.76,,No
Thiruvananthapuram,4,200,0.66,48239.57,-51760.43,,No
Thrissur,4,200,0.74,53951.43,-46048.57,,No
Ahmedabad,5,120,4.08,178555.63,78555.63,1.27,No
Alappuzha,5,120,0.51,22330.12,-77669.88,,No
Bengaluru,5,120,0.0,0.0,-100000.0,,No
Chennai,5,120,0.86,37511.07,-62488.93,,No
Dehradun,5,120,1.27,55620.81,-44379.19,,No
Delhi,5,120,0.04,1730.3,-98269.7,,No
Dhanbad,5,120,3.4,149044.25,49044.25,2.04,No
Dwarka,5,120,0.0,0.0,-100000.0,,No
Gurgaon,5,120,3.85,168630.61,68630.61,1.46,No
Hardwar,5,120,0.0,0.0,-100000.0,,No
Kannur,5,120,0.0,0.0,-100000.0,,No
Kasaragod,5,120,0.0,0.0,-100000.0,,No
Kochi,5,120,1.32,57847.29,-42152.71,,No
Kolkata,5,120,1.58,69030.17,-30969.83,,No
Kollam,5,120,1.02,44750.64,-55249.36,,No
Kottayam,5,120,0.25,11082.62,-88917.38,,No
Kozhikode,5,120,1.26,55400.54,-44599.46,,No
Malappuram,5,120,0.0,0.0,-100000.0,,No
Mapusa,5,120,0.0,0.0,-100000.0,,No
Nagpur,5,120,0.22,9441.98,-90558.02,,No
Palakkad,5,120,0.0,0.0,-100000.0,,No
Panaji,5,120,0.0,0.0,-100000.0,,No
Raipur,5,120,1.11,48564.93,-51435.07,,No
Thiruvananthapuram,5,120,0.83,36179.68,-63820.32,,No
Thrissur,5,120,0.92,40463.57,-59536.43,,No
Ahmedabad,5,150,4.08,223194.53,123194.53,0.81,No
Alappuzha,5,150,0.51,27912.65,-72087.35,,No
Bengaluru,5,150,0.0,0.0,-100000.0,,No
Chennai,5,150,0.86,46888.84,-53111.16,,No
Dehradun,5,150,1.27,69526.01,-30473.99,,No
Delhi,5,150,0.04,2162.88,-97837.12,,No
Dhanbad,5,150,3.4,186305.31,86305.31,1.16,No
Dwarka,5,150,0.0,0.0,-100000.0,,No
Gurgaon,5,150,3.85,210788.26,110788.26,0.9,No
Hardwar,5,150,0.0,0.0,-100000.0,,No
Kannur,5,150,0.0,0.0,-100000.0,,No
Kasaragod,5,150,0.0,0.0,-100000.0,,No
Kochi,5,150,1.32,72309.12,-27690.88,,No
Kolkata,5,150,1.58,86287.72,-13712.28,,No
Kollam,5,150,1.02,55938.3,-44061.7,,No
Kottayam,5,150,0.25,13853.28,-86146.72,,No
Kozhikode,5,150,1.26,69250.67,-30749.33,,No
Malappuram,5,150,0.0,0.0,-100000.0,,No
Mapusa,5,150,0.0,0.0,-100000.0,,No
Nagpur,5,150,0.22,11802.47,-88197.53,,No
Palakkad,5,150,0.0,0.0,-100000.0,,No
Panaji,5,150,0.0,0.0,-100000.0,,No
Raipur,5,150,1.11,60706.16,-39293.84,,No
Thiruvananthapuram,5,150,0.83,45224.6,-54775.4,,No
Thrissur,5,150,0.92,50579.46,-49420.54,,No
Ahmedabad,5,180,4.08,267833.44,167833.44,0.6,No
Alappuzha,5,180,0.51,33495.18,-66504.82,,No
Bengaluru,5,180,0.0,0.0,-100000.0,,No
Chennai,5,180,0.86,56266.61,-43733.39,,No
Dehradun,5,180,1.27,83431.21,-16568.79,,No
Delhi,5,180,0.04,2595.45,-97404.55,,No
Dhanbad,5,180,3.4,223566.38,123566.38,0.81,No
Dwarka,5,180,0.0,0.0,-100000.0,,No
Gurgaon,5,180,3.85,252945.92,152945.92,0.65,No
Hardwar,5,180,0.0,0.0,-100000.0,,No
Kannur,5,180,0.0,0.0,-100000.0,,No
Kasaragod,5,180,0.0,0.0,-100000.0,,No
Kochi,5,180,1.32,86770.94,-13229.06,,No
Kolkata,5,180,1.58,103545.26,3545.26,28.21,No
Kollam,5,180,1.02,67125.95,-32874.05,,No
Kottayam,5,180,0.25,16623.93,-83376.07,,No
Kozhikode,5,180,1.26,83100.81,-16899.19,,No
Malappuram,5,180,0.0,0.0,-100000.0,,No
Mapusa,5,180,0.0,0.0,-100000.0,,No
Nagpur,5,180,0.22,14162.97,-85837.03,,No
Palakkad,5,180,0.0,0.0,-100000.0,,No
Panaji,5,180,0.0,0.0,-100000.0,,No
Raipur,5,180,1.11,72847.4,-27152.6,,No
Thiruvananthapuram,5,180,0.83,54269.52,-45730.48,,No
Thrissur,5,180,0.92,60695.36,-39304.64,,No
Ahmedabad,5,200,4.08,297592.71,197592.71,0.51,No
Alappuzha,5,200,0.51,37216.87,-62783.13,,No
Bengaluru,5,200,0.0,0.0,-100000.0,,No
Chennai,5,200,0.86,62518.45,-37481.55,,No
Dehradun,5,200,1.27,92701.35,-7298.65,,No
Delhi,5,200,0.04,2883.84,-97116.16,,No
Dhanbad,5,200,3.4,248407.08,148407.08,0.67,No
Dwarka,5,200,0.0,0.0,-100000.0,,No
Gurgaon,5,200,3.85,281051.02,181051.02,0.55,No
Hardwar,5,200,0.0,0.0,-100000.0,,No
Kannur,5,200,0.0,0.0,-100000.0,,No
Kasaragod,5,200,0.0,0.0,-100000.0,,No
Kochi,5,200,1.32,96412.16,-3587.84,,No
Kolkata,5,200,1.58,115050.29,15050.29,6.64,No
Kollam,5,200,1.02,74584.39,-25415.61,,No
Kottayam,5,200,0.25,18471.03,-81528.97,,No
Kozhikode,5,200,1.26,92334.23,-7665.77,,No
Malappuram,5,200,0.0,0.0,-100000.0,,No
Mapusa,5,200,0.0,0.0,-100000.0,,No
Nagpur,5,200,0.22,15736.63,-84263.37,,No
Palakkad,5,200,0.0,0.0,-100000.0,,No
Panaji,5,200,0.0,0.0,-100000.0,,No
Raipur,5,200,1.11,80941.55,-19058.45,,No
Thiruvananthapuram,5,200,0.83,60299.47,-39700.53,,No
Thrissur,5,200,0.92,67439.29,-32560.71,,No
Ahmedabad,6,120,4.89,214266.75,114266.75,0.88,No
Alappuzha,6,120,0.61,26796.15,-73203.85,,No
Bengaluru,6,120,0.0,0.0,-100000.0,,No
Chennai,6,120,1.03,45013.28,-54986.72,,No
Dehradun,6,120,1.52,66744.97,-33255.03,,No
Delhi,6,120,0.05,2076.36,-97923.64,,No
Dhanbad,6,120,4.08,178853.1,78853.1,1.27,No
Dwarka,6,120,0.0,0.0,-100000.0,,No
Gurgaon,6,120,4.62,202356.73,102356.73,0.98,No
Hardwar,6,120,0.0,0.0,-100000.0,,No
Kannur,6,120,0.0,0.0,-100000.0,,No
Kasaragod,6,120,0.0,0.0,-100000.0,,No
Kochi,6,120,1.58,69416.75,-30583.25,,No
Kolkata,6,120,1.89,82836.21,-17163.79,,No
Kollam,6,120,1.23,53700.76,-46299.24,,No
Kottayam,6,120,0.3,13299.14,-86700.86,,No
Kozhikode,6,120,1.52,66480.64,-33519.36,,No
Malappuram,6,120,0.0,0.0,-100000.0,,No
Mapusa,6,120,0.0,0.0,-100000.0,,No
Nagpur,6,120,0.26,11330.38,-88669.62,,No
Palakkad,6,120,0.0,0.0,-100000.0,,No
Panaji,6,120,0.0,0.0,-100000.0,,No
Raipur,6,120,1.33,58277.92,-41722.08,,No
Thiruvananthapuram,6,120,0.99,43415.62,-56584.38,,No
Thrissur,6,120,1.11,48556.29,-51443.71,,No
Ahmedabad,6,150,4.89,267833.44,167833.44,0.6,No
Alappuzha,6,150,0.61,33495.18,-66504.82,,No
Bengaluru,6,150,0.0,0.0,-100000.0,,No
Chennai,6,150,1.03,56266.61,-43733.39,,No
Dehradun,6,150,1.52,83431.21,-16568.79,,No
Delhi,6,150,0.05,2595.45,-97404.55,,No
Dhanbad,6,150,4.08,223566.38,123566.38,0.81,No
Dwarka,6,150,0.0,0.0,-100000.0,,No
Gurgaon,6,150,4.62,252945.92,152945.92,0.65,No
Hardwar,6,150,0.0,0.0,-100000.0,,No
Kannur,6,150,0.0,0.0,-100000.0,,No
Kasaragod,6,150,0.0,0.0,-100000.0,,No
Kochi,6,150,1.58,86770.94,-13229.06,,No
Kolkata,6,150,1.89,103545.26,3545.26,28.21,No
Kollam,6,150,1.23,67125.95,-32874.05,,No
Kottayam,6,150,0.3,16623.93,-83376.07,,No
Kozhikode,6,150,1.52,83100.81,-16899.19,,No
Malappuram,6,150,0.0,0.0,-100000.0,,No
Mapusa,6,150,0.0,0.0,-100000.0,,No
Nagpur,6,150,0.26,14162.97,-85837.03,,No
Palakkad,6,150,0.0,0.0,-100000.0,,No
Panaji,6,150,0.0,0.0,-100000.0,,No
Raipur,6,150,1.33,72847.4,-27152.6,,No
Thiruvananthapuram,6,150,0.99,54269.52,-45730.48,,No
Thrissur,6,150,1.11,60695.36,-39304.64,,No
Ahmedabad,6,180,4.89,321400.13,221400.13,0.45,No
Alappuzha,6,180,0.61,40194.22,-59805.78,,No
Bengaluru,6,180,0.0,0.0,-100000.0,,No
Chennai,6,180,1.03,67519.93,-32480.07,,No
Dehradun,6,180,1.52,100117.45,117.45,851.4,No
Delhi,6,180,0.05,3114.54,-96885.46,,No
Dhanbad,6,180,4.08,268279.65,168279.65,0.59,No
Dwarka,6,180,0.0,0.0,-100000.0,,No
Gurgaon,6,180,4.62,303535.1,203535.1,0.49,No
Hardwar,6,180,0.0,0.0,-100000.0,,No
Kannur,6,180,0.0,0.0,-100000.0,,No
Kasaragod,6,180,0.0,0.0,-100000.0,,No
Kochi,6,180,1.58,104125.13,4125.13,24.24,No
Kolkata,6,180,1.89,124254.31,24254.31,4.12,Yes
Kollam,6,180,1.23,80551.15,-19448.85,,No
Kottayam,6,180,0.3,19948.72,-80051.28,,No
Kozhikode,6,180,1.52,99720.97,-279.03,,No
Malappuram,6,180,0.0,0.0,-100000.0,,No
Mapusa,6,180,0.0,0.0,-100000.0,,No
Nagpur,6,180,0.26,16995.56,-83004.44,,No
Palakkad,6,180,0.0,0.0,-100000.0,,No
Panaji,6,180,0.0,0.0,-100000.0,,No
Raipur,6,180,1.33,87416.88,-12583.12,,No
Thiruvananthapuram,6,180,0.99,65123.42,-34876.58,,No
Thrissur,6,180,1.11,72834.43,-27165.57,,No
Ahmedabad,6,200,4.89,357111.25,257111.25,0.39,No
Alappuzha,6,200,0.61,44660.25,-55339.75,,No
Bengaluru,6,200,0.0,0.0,-100000.0,,No
Chennai,6,200,1.03,75022.14,-24977.86,,No
Dehradun,6,200,1.52,111241.62,11241.62,8.9,No
Delhi,6,200,0.05,3460.6,-96539.4,,No
Dhanbad,6,200,4.08,298088.5,198088.5,0.5,No
Dwarka,6,200,0.0,0.0,-100000.0,,No
Gurgaon,6,200,4.62,337261.22,237261.22,0.42,No
Hardwar,6,200,0.0,0.0,-100000.0,,No
Kannur,6,200,0.0,0.0,-100000.0,,No
Kasaragod,6,200,0.0,0.0,-100000.0,,No
Kochi,6,200,1.58,115694.59,15694.59,6.37,No
Kolkata,6,200,1.89,138060.35,38060.35,2.63,No
Kollam,6,200,1.23,89501.27,-10498.73,,No
Kottayam,6,200,0.3,22165.24,-77834.76,,No
Kozhikode,6,200,1.52,110801.07,10801.07,9.26,No
Malappuram,6,200,0.0,0.0,-100000.0,,No
Mapusa,6,200,0.0,0.0,-100000.0,,No
Nagpur,6,200,0.26,18883.96,-81116.04,,No
Palakkad,6,200,0.0,0.0,-100000.0,,No
Panaji,6,200,0.0,0.0,-100000.0,,No
Raipur,6,200,1.33,97129.86,-2870.14,,No
Thiruvananthapuram,6,200,0.99,72359.36,-27640.64,,No
Thrissur,6,200,1.11,80927.14,-19072.86,,No
